{
"animate":"animate",
"Align.bottom(${1})":"Align.bottom(${1})",
"Align.center(${1})":"Align.center(${1})",
"Align.left(${1})":"Align.left(${1})",
"Align.right(${1})":"Align.right(${1})",
"Align.top(${1})":"Align.top(${1})",
"new Animation":"new Animation",
"Bezier.linear":"Bezier.linear",
"Bezier.ease":"Bezier.ease",
"Bezier.easeIn":"Bezier.easeIn",
"Bezier.easeOut":"Bezier.easeOut",
"Bezier.easeInOut":"Bezier.easeInOut",
"Spring":"Spring",
"x":"x",
"y":"y",
"z":"z",
"minX":"minX",
"midX":"midX",
"maxX":"maxX",
"minY":"minY",
"midY":"midY",
"maxY":"maxY",
"width":"width",
"height":"height",
"opacity":"opacity",
"rotation":"rotation",
"rotationX":"rotationX",
"rotationY":"rotationY",
"rotationZ":"rotationZ",
"scalescaleX":"scalescaleX",
"scaleY":"scaleY",
"scaleZ":"scaleZ",
"originX":"originX",
"originY":"originY",
"perspective":"perspective",
"scrollX":"scrollX",
"scrollY":"scrollY",
"borderRadius":"borderRadius",
"borderWidth":"borderWidth",
"shadowX":"shadowX",
"shadowY":"shadowY",
"shadowBlur":"shadowBlur",
"shadowSpread":"shadowSpread",
"blur":"blur",
"brightness":"brightness",
"saturate":"saturate",
"hueRotate":"hueRotate",
"contrast":"contrast",
"invert":"invert",
"grayscale":"grayscale",
"sepia":"sepia",
"start()":"start()",
"stop()":"stop()",
"reverse()":"reverse()",
"reset()":"reset()",
"restart()":"restart()",
"finish()":"finish()",
"Canvas.backgroundColor":"Canvas.backgroundColor",
"Canvas.image":"Canvas.image",
"Canvas.width":"Canvas.width",
"Canvas.height":"Canvas.height",
"Canvas.size":"Canvas.size",
"Canvas.frame":"Canvas.frame",
"Canvas.convertPointToScreen(${1})":"Canvas.convertPointToScreen(${1})",
"Canvas.convertPointToLayer(${1},${2})":"Canvas.convertPointToLayer(${1},${2})",
"new Color(${1})":"new Color(${1})",
"color.lighten(${1})":"color.lighten(${1})",
"color.darken(${1})":"color.darken(${1})",
"color.saturate(${1})":"color.saturate(${1})",
"color.desaturate(${1})":"color.desaturate(${1})",
"color.grayscale()":"color.grayscale()",
"color.gray(${1},${2})":"color.gray(${1},${2})",
"color.alpha(${1})":"color.alpha(${1})",
"color.mix(colorA,colorB,fraction,limit,model)":"color.mix(colorA,colorB,fraction,limit,model)",
"Color.random()":"Color.random()",
"Color.isColor(${1})":"Color.isColor(${1})",
"Color.isColorObject(${1})":"Color.isColorObject(${1})",
"Color.isColorString(${1})":"Color.isColorString(${1})",
"color.toHexString()":"color.toHexString()",
"color.toRgbString()":"color.toRgbString()",
"color.toHslString()":"color.toHslString()",
"Framer.Device.customize":"Framer.Device.customize",
"Framer.Device.deviceType":"Framer.Device.deviceType",
"Framer.Device.fullScreen":"Framer.Device.fullScreen",
"Framer.Device.deviceScale":"Framer.Device.deviceScale",
"Framer.Device.setDeviceScale(${1},${2})":"Framer.Device.setDeviceScale(${1},${2})",
"Framer.Device.contentScale":"Framer.Device.contentScale",
"Framer.Device.setContentScale(${1},${2})":"Framer.Device.setContentScale(${1},${2})",
"Framer.Device.orientation":"Framer.Device.orientation",
"Framer.Device.setOrientation(${1},${2})":"Framer.Device.setOrientation(${1},${2})",
"Framer.Device.orientationName":"Framer.Device.orientationName",
"Framer.Device.rotateLeft()":"Framer.Device.rotateLeft()",
"Framer.Device.rotateRight()":"Framer.Device.rotateRight()",
"draggable.enabled":"draggable.enabled",
"draggable.horizontal":"draggable.horizontal",
"draggable.vertical":"draggable.vertical",
"draggable.speedX":"draggable.speedX",
"draggable.speedY":"draggable.speedY",
"draggable.constraints":"draggable.constraints",
"draggable.constraintsOffset":"draggable.constraintsOffset",
"draggable.isBeyondConstraints":"draggable.isBeyondConstraints",
"draggable.overdrag":"draggable.overdrag",
"draggable.overdragScale":"draggable.overdragScale",
"draggable.momentum":"draggable.momentum",
"draggable.momentumOptions":"draggable.momentumOptions",
"draggable.bounce":"draggable.bounce",
"draggable.bounceOptions":"draggable.bounceOptions",
"draggable.velocity":"draggable.velocity",
"draggable.direction":"draggable.direction",
"draggable.angle":"draggable.angle",
"draggable.updatePosition()":"draggable.updatePosition()",
"draggable.directionLock":"draggable.directionLock",
"draggable.directionLockThreshold":"draggable.directionLockThreshold",
"draggable.pixelAlign":"draggable.pixelAlign",
"draggable.isDragging":"draggable.isDragging",
"draggable.isAnimating":"draggable.isAnimating",
"draggable.isMoving":"draggable.isMoving",
"draggable.offset":"draggable.offset",
"draggable.layerStartPoint":"draggable.layerStartPoint",
"draggable.cursorStartPoint":"draggable.cursorStartPoint",
"draggable.layerCursorOffset":"draggable.layerCursorOffset",
"draggable.propagateEvents":"draggable.propagateEvents",
"Events.Tap":"Events.Tap",
"onTap":"onTap",
"onSingleTap":"onSingleTap",
"onDoubleTap":"onDoubleTap",
"Events.ForceTap":"Events.ForceTap",
"Events.ForceTap":"Events.ForceTap",
"Events.ForceTapChange":"Events.ForceTapChange",
"Events.ForceTapStart":"Events.ForceTapStart",
"Events.ForceTapEnd":"Events.ForceTapEnd",
"onForceTap":"onForceTap",
"onForceTapChange":"onForceTapChange",
"onForceTapStart":"onForceTapStart",
"onForceTapEnd":"onForceTapEnd",
"Events.LongPress":"Events.LongPress",
"Events.LongPressStart":"Events.LongPressStart",
"Events.LongPressEnd":"Events.LongPressEnd",
"onLongPress":"onLongPress",
"onLongPressStart":"onLongPressStart",
"onLongPressEnd":"onLongPressEnd",
"Events.Swipe":"Events.Swipe",
"Events.SwipeStart":"Events.SwipeStart",
"Events.SwipeEnd":"Events.SwipeEnd",
"onSwipeStart":"onSwipeStart",
"onSwipeEnd":"onSwipeEnd",
"Events.SwipeUp":"Events.SwipeUp",
"Events.SwipeUpStart":"Events.SwipeUpStart",
"Events.SwipeUpEnd":"Events.SwipeUpEnd",
"onRotate":"onRotate",
"onSwipeUp":"onSwipeUp",
"onSwipeUpStart":"onSwipeUpStart",
"onSwipeUpEnd":"onSwipeUpEnd",
"Events.SwipeDown":"Events.SwipeDown",
"Events.SwipeDownStart":"Events.SwipeDownStart",
"Events.SwipeDownEnd":"Events.SwipeDownEnd",
"onSwipeDown":"onSwipeDown",
"onSwipeDownStart":"onSwipeDownStart",
"onSwipeDownEnd":"onSwipeDownEnd",
"Events.SwipeLeft":"Events.SwipeLeft",
"Events.SwipeLeftStart":"Events.SwipeLeftStart",
"Events.SwipeLeftEnd":"Events.SwipeLeftEnd",
"onSwipeLeft":"onSwipeLeft",
"onSwipeLeftStart":"onSwipeLeftStart",
"onSwipeLeftEnd":"onSwipeLeftEnd",
"Events.SwipeRight":"Events.SwipeRight",
"Events.SwipeRightStart":"Events.SwipeRightStart",
"Events.SwipeRightEnd":"Events.SwipeRightEnd",
"onSwipeRight":"onSwipeRight",
"onSwipeRightStart":"onSwipeRightStart",
"onSwipeRightEnd":"onSwipeRightEnd",
"Events.Pan":"Events.Pan",
"Events.PanStart":"Events.PanStart",
"Events.PanMove":"Events.PanMove",
"Events.PanEnd":"Events.PanEnd",
"Events.PanLeft":"Events.PanLeft",
"Events.PanRight":"Events.PanRight",
"Events.PanUp":"Events.PanUp",
"Events.PanDown":"Events.PanDown",
"onPan":"onPan",
"onPanStart":"onPanStart",
"onPanMove":"onPanMove",
"onPanEnd":"onPanEnd",
"onPanLeft":"onPanLeft",
"onPanRight":"onPanRight",
"onPanUp":"onPanUp",
"onPanDown":"onPanDown",
"Events.Pinch":"Events.Pinch",
"Events.PinchStart":"Events.PinchStart",
"Events.PinchEnd":"Events.PinchEnd",
"onPinch":"onPinch",
"onPinchStart":"onPinchStart",
"onPinchEnd":"onPinchEnd",
"Events.Scale":"Events.Scale",
"Events.ScaleStart":"Events.ScaleStart",
"Events.ScaleEnd":"Events.ScaleEnd",
"scale":"scale",
"onScale":"onScale",
"onScaleStart":"onScaleStart",
"onScaleEnd":"onScaleEnd",
"Events.Rotate":"Events.Rotate",
"Events.RotateStart":"Events.RotateStart",
"Events.RotateEnd":"Events.RotateEnd",
"rotation":"rotation",
"onRotate":"onRotate",
"onRotateStart":"onRotateStart",
"onRotateEnd":"onRotateEnd",
"Events.TouchStart":"Events.TouchStart",
"Events.TouchMove":"Events.TouchMove",
"Events.TouchEnd":"Events.TouchEnd",
"onTouchStart":"onTouchStart",
"onTouchMove":"onTouchMove",
"onTouchEnd":"onTouchEnd",
"Events.Click":"Events.Click",
"onClick":"onClick",
"Events.MouseUp":"Events.MouseUp",
"Events.MouseDown":"Events.MouseDown",
"Events.MouseOver":"Events.MouseOver",
"Events.MouseOut":"Events.MouseOut",
"Events.MouseMove":"Events.MouseMove",
"Events.MouseWheel":"Events.MouseWheel",
"onMouseUp":"onMouseUp",
"onMouseDown":"onMouseDown",
"onMouseOver":"onMouseOver",
"onMouseOut":"onMouseOut",
"onMouseMove":"onMouseMove",
"onMouseWheel":"onMouseWheel",
"Events.AnimationStart":"Events.AnimationStart",
"Events.AnimationStop":"Events.AnimationStop",
"Events.AnimationEnd":"Events.AnimationEnd",
"onAnimationStart":"onAnimationStart",
"onAnimationStop":"onAnimationStop",
"onAnimationEnd":"onAnimationEnd",
"Events.StateSwitchStart":"Events.StateSwitchStart",
"Events.StateSwitchStop":"Events.StateSwitchStop",
"Events.StateSwitchEnd":"Events.StateSwitchEnd",
"onStateSwitchStart":"onStateSwitchStart",
"onStateSwitchStop":"onStateSwitchStop",
"onStateSwitchEnd":"onStateSwitchEnd",
"Events.Move":"Events.Move",
"Events.DragStart":"Events.DragStart",
"Events.Drag":"Events.Drag",
"Events.DragEnd":"Events.DragEnd",
"Events.DragAnimationStart":"Events.DragAnimationStart",
"Events.DragAnimationEnd":"Events.DragAnimationEnd",
"Events.DirectionLockStart":"Events.DirectionLockStart",
"onMove":"onMove",
"onDragStart":"onDragStart",
"onDrag":"onDrag",
"onDragEnd":"onDragEnd",
"onDragAnimationStart":"onDragAnimationStart",
"onDragAnimationEnd":"onDragAnimationEnd",
"onDirectionLockStart":"onDirectionLockStart",
"Events.Move":"Events.Move",
"Events.ScrollStart":"Events.ScrollStart",
"Events.Scroll":"Events.Scroll",
"Events.ScrollEnd":"Events.ScrollEnd",
"Events.ScrollAnimationDidStart":"Events.ScrollAnimationDidStart",
"Events.ScrollAnimationDidEnd":"Events.ScrollAnimationDidEnd",
"onMove":"onMove",
"onScrollStart":"onScrollStart",
"onScroll":"onScroll",
"onScrollEnd":"onScrollEnd",
"onScrollAnimationDidStart":"onScrollAnimationDidStart",
"onScrollAnimationDidEnd":"onScrollAnimationDidEnd",
"Events.EdgeSwipe":"Events.EdgeSwipe",
"Events.EdgeSwipeStart":"Events.EdgeSwipeStart",
"Events.EdgeSwipeEnd":"Events.EdgeSwipeEnd",
"onEdgeSwipe":"onEdgeSwipe",
"onEdgeSwipeStart":"onEdgeSwipeStart",
"onEdgeSwipeEnd":"onEdgeSwipeEnd",
"Events.EdgeSwipeTop":"Events.EdgeSwipeTop",
"Events.EdgeSwipeTopStart":"Events.EdgeSwipeTopStart",
"Events.EdgeSwipeTopEnd":"Events.EdgeSwipeTopEnd",
"onEdgeSwipeTop":"onEdgeSwipeTop",
"onEdgeSwipeTopStart":"onEdgeSwipeTopStart",
"onEdgeSwipeTopEnd":"onEdgeSwipeTopEnd",
"Events.EdgeSwipeLeft":"Events.EdgeSwipeLeft",
"Events.EdgeSwipeLeftStart":"Events.EdgeSwipeLeftStart",
"Events.EdgeSwipeLeftEnd":"Events.EdgeSwipeLeftEnd",
"onEdgeSwipeLeft":"onEdgeSwipeLeft",
"onEdgeSwipeLeftStart":"onEdgeSwipeLeftStart",
"onEdgeSwipeLeftEnd":"onEdgeSwipeLeftEnd",
"Events.EdgeSwipeRight":"Events.EdgeSwipeRight",
"Events.EdgeSwipeRightStart":"Events.EdgeSwipeRightStart",
"Events.EdgeSwipeRightEnd":"Events.EdgeSwipeRightEnd",
"onEdgeSwipeRight":"onEdgeSwipeRight",
"onEdgeSwipeRightStart":"onEdgeSwipeRightStart",
"onEdgeSwipeRightEnd":"onEdgeSwipeRightEnd",
"Events.EdgeSwipeBottom":"Events.EdgeSwipeBottom",
"Events.EdgeSwipeBottomStart":"Events.EdgeSwipeBottomStart",
"Events.EdgeSwipeBottomEnd":"Events.EdgeSwipeBottomEnd",
"onEdgeSwipeBottom":"onEdgeSwipeBottom",
"onEdgeSwipeBottomStart":"onEdgeSwipeBottomStart",
"onEdgeSwipeBottomEnd":"onEdgeSwipeBottomEnd",
"Events.TransitionStart":"Events.TransitionStart",
"Events.TransitionHalt":"Events.TransitionHalt",
"Events.TransitionStop":"Events.TransitionStop",
"Events.TransitionEnd":"Events.TransitionEnd",
"onTransitionStart":"onTransitionStart",
"onTransitionHalt":"onTransitionHalt",
"onTransitionStop":"onTransitionStop",
"onTransitionEnd":"onTransitionEnd",
"event.point":"event.point",
"event.start":"event.start",
"event.previous":"event.previous",
"event.offset":"event.offset",
"event.offsetTime":"event.offsetTime",
"event.offsetAngle":"event.offsetAngle",
"event.offsetDirection":"event.offsetDirection",
"event.delta":"event.delta",
"event.deltaTime":"event.deltaTime",
"event.deltaAngle":"event.deltaAngle",
"event.deltaDirection":"event.deltaDirection",
"event.velocity":"event.velocity",
"event.force":"event.force",
"event.fingers":"event.fingers",
"event.touchCenter":"event.touchCenter",
"event.touchDistance":"event.touchDistance",
"event.touchOffset":"event.touchOffset",
"event.scale":"event.scale",
"event.scaleDirection":"event.scaleDirection",
"event.rotation":"event.rotation",
"Events.touchEvent(${1})":"Events.touchEvent(${1})",
"Events.wrap(${1})":"Events.wrap(${1})",
"new FlowComponent":"new FlowComponent",
"flow.showNext(${1},${2})":"flow.showNext(${1},${2})",
"flow.showPrevious(${1})":"flow.showPrevious(${1})",
"flow.showOverlayCenter(${1},${2})":"flow.showOverlayCenter(${1},${2})",
"flow.showOverlayTop(${1},${2})":"flow.showOverlayTop(${1},${2})",
"flow.showOverlayRight(${1},${2})":"flow.showOverlayRight(${1},${2})",
"flow.showOverlayBottom(${1},${2})":"flow.showOverlayBottom(${1},${2})",
"flow.showOverlayLeft(${1},${2})":"flow.showOverlayLeft(${1},${2})",
"flow.transition(${1},${2},${3})":"flow.transition(${1},${2},${3})",
"flow.header":"flow.header",
"flow.footer":"flow.footer",
"new Layer":"new Layer",
"layer.id":"layer.id",
"layer.name":"layer.name",
"layer.x":"layer.x",
"layer.y":"layer.y",
"layer.z":"layer.z",
"layer.width":"layer.width",
"layer.height":"layer.height",
"layer.minX":"layer.minX",
"layer.midX":"layer.midX",
"layer.maxX":"layer.maxX",
"layer.minY":"layer.minY",
"layer.midY":"layer.midY",
"layer.maxY":"layer.maxY",
"layer.point":"layer.point",
"layer.size":"layer.size",
"layer.frame":"layer.frame",
"layer.props":"layer.props",
"layer.center()":"layer.center()",
"layer.centerX(${1})":"layer.centerX(${1})",
"layer.centerY(${1})":"layer.centerY(${1})",
"layer.pixelAlign()":"layer.pixelAlign()",
"layer.screenFrame":"layer.screenFrame",
"layer.contentFrame()":"layer.contentFrame()",
"layer.centerFrame()":"layer.centerFrame()",
"layer.backgroundColor":"layer.backgroundColor",
"layer.color":"layer.color",
"layer.image":"layer.image",
"layer.visible":"layer.visible",
"layer.opacity":"layer.opacity",
"layer.clip":"layer.clip",
"layer.ignoreEvents":"layer.ignoreEvents",
"layer.originX":"layer.originX",
"layer.originY":"layer.originY",
"layer.originZ":"layer.originZ",
"layer.perspective":"layer.perspective",
"layer.flat":"layer.flat",
"layer.backfaceVisible":"layer.backfaceVisible",
"layer.rotation":"layer.rotation",
"layer.rotationX":"layer.rotationX",
"layer.rotationY":"layer.rotationY",
"layer.rotationZ":"layer.rotationZ",
"layer.scale":"layer.scale",
"layer.scaleX":"layer.scaleX",
"layer.scaleY":"layer.scaleY",
"layer.parent":"layer.parent",
"layer.children":"layer.children",
"layer.childrenWithName(${1})":"layer.childrenWithName(${1})",
"layer.siblings":"layer.siblings",
"layer.siblingsWithName(${1})":"layer.siblingsWithName(${1})",
"layer.descendants":"layer.descendants",
"layer.ancestors(${1})":"layer.ancestors(${1})",
"layer.addChild(${1})":"layer.addChild(${1})",
"layer.removeChild(${1})":"layer.removeChild(${1})",
"layer.index":"layer.index",
"layer.placeBefore(${1})":"layer.placeBefore(${1})",
"layer.placeBehind(${1})":"layer.placeBehind(${1})",
"layer.bringToFront()":"layer.bringToFront()",
"layer.sendToBack()":"layer.sendToBack()",
"layer.html":"layer.html",
"layer.style":"layer.style",
"layer.computedStyle()":"layer.computedStyle()",
"layer.classList":"layer.classList",
"layer.destroy()":"layer.destroy()",
"layer.copy()":"layer.copy()",
"layer.copySingle()":"layer.copySingle()",
"layer.blur":"layer.blur",
"layer.brightness":"layer.brightness",
"layer.saturate":"layer.saturate",
"layer.hueRotate":"layer.hueRotate",
"layer.contrast":"layer.contrast",
"layer.invert":"layer.invert",
"layer.grayscale":"layer.grayscale",
"layer.sepia":"layer.sepia",
"layer.shadowX":"layer.shadowX",
"layer.shadowY":"layer.shadowY",
"layer.shadowBlur":"layer.shadowBlur",
"layer.shadowSpread":"layer.shadowSpread",
"layer.shadowColor":"layer.shadowColor",
"layer.borderRadius":"layer.borderRadius",
"layer.borderColor":"layer.borderColor",
"layer.borderWidth":"layer.borderWidth",
"layer.animate(${1})":"layer.animate(${1})",
"layer.animationOptions":"layer.animationOptions",
"curve":"curve",
"curveOptions":"curveOptions",
"time":"time",
"delay":"delay",
"repeat":"repeat",
"colorModel":"colorModel",
"instant":"instant",
"layer.animations()":"layer.animations()",
"layer.isAnimating":"layer.isAnimating",
"layer.animateStop()":"layer.animateStop()",
"layer.stateSwitch(${1})":"layer.stateSwitch(${1})",
"layer.stateCycle(${1},${2})":"layer.stateCycle(${1},${2})",
"layer.stateNames":"layer.stateNames",
"layer.convertPointToCanvas(${1})":"layer.convertPointToCanvas(${1})",
"layer.convertPointToScreen(${1})":"layer.convertPointToScreen(${1})",
"layer.convertPointToLayer(${1},${2})":"layer.convertPointToLayer(${1},${2})",
"layer.on(${1},${2})":"layer.on(${1},${2})",
"layer.off(${1},${2})":"layer.off(${1},${2})",
"new MIDIComponent":"new MIDIComponent",
"min":"min",
"max":"max",
"control":"control",
"channel":"channel",
"source":"source",
"onValueChange()":"onValueChange()",
"new PageComponent":"new PageComponent",
"page.originX":"page.originX",
"page.originY":"page.originY",
"page.velocityThreshold":"page.velocityThreshold",
"page.animationOptions":"page.animationOptions",
"page.currentPage":"page.currentPage",
"page.closestPage":"page.closestPage",
"page.nextPage(${1},${2})":"page.nextPage(${1},${2})",
"page.previousPage":"page.previousPage",
"page.snapToPage(${1},${2},${3})":"page.snapToPage(${1},${2},${3})",
"page.snapToNextPage(${1},${2},${3})":"page.snapToNextPage(${1},${2},${3})",
"page.snapToPreviousPage()":"page.snapToPreviousPage()",
"page.addPage(${1})":"page.addPage(${1})",
"page.horizontalPageIndex(${1})":"page.horizontalPageIndex(${1})",
"page.verticalPageIndex(${1})":"page.verticalPageIndex(${1})",
"pinchable.enabled":"pinchable.enabled",
"pinchable.threshold":"pinchable.threshold",
"pinchable.centerOrigin":"pinchable.centerOrigin",
"pinchable.scale":"pinchable.scale",
"pinchable.scaleIncrements":"pinchable.scaleIncrements",
"pinchable.minScale":"pinchable.minScale",
"pinchable.maxScale":"pinchable.maxScale",
"pinchable.scaleFactor":"pinchable.scaleFactor",
"pinchable.rotate":"pinchable.rotate",
"pinchable.rotateIncrements":"pinchable.rotateIncrements",
"pinchable.rotateFactor":"pinchable.rotateFactor",
"Screen.backgroundColor":"Screen.backgroundColor",
"Screen.width":"Screen.width",
"Screen.height":"Screen.height",
"Screen.size":"Screen.size",
"Screen.frame":"Screen.frame",
"Screen.perspective":"Screen.perspective",
"Screen.perspectiveOriginX":"Screen.perspectiveOriginX",
"Screen.perspectiveOriginY":"Screen.perspectiveOriginY",
"Screen.convertPointToCanvas(${1})":"Screen.convertPointToCanvas(${1})",
"Screen.convertPointToLayer(${1},${2})":"Screen.convertPointToLayer(${1},${2})",
"new ScrollComponent":"new ScrollComponent",
"scroll.content":"scroll.content",
"scroll.contentInset":"scroll.contentInset",
"scroll.speedX":"scroll.speedX",
"scroll.speedY":"scroll.speedY",
"scroll.scroll":"scroll.scroll",
"scroll.scrollHorizontal":"scroll.scrollHorizontal",
"scroll.scrollVertical":"scroll.scrollVertical",
"scroll.scrollX":"scroll.scrollX",
"scroll.scrollY":"scroll.scrollY",
"scroll.scrollPoint":"scroll.scrollPoint",
"scroll.scrollFrame":"scroll.scrollFrame",
"scroll.velocity":"scroll.velocity",
"scroll.direction":"scroll.direction",
"scroll.directionLock":"scroll.directionLock",
"scroll.directionLockThreshold":"scroll.directionLockThreshold",
"scroll.angle":"scroll.angle",
"scroll.isDragging":"scroll.isDragging",
"scroll.isMoving":"scroll.isMoving",
"scroll.closestContentLayer(${1},${2})":"scroll.closestContentLayer(${1},${2})",
"scroll.closestContentLayerForScrollPoint(${1},${2})":"scroll.closestContentLayerForScrollPoint(${1},${2})",
"scroll.scrollToPoint(${1},${2},${3})":"scroll.scrollToPoint(${1},${2},${3})",
"scroll.scrollToLayer(layer,originX,originY,animate,animationOptions)":"scroll.scrollToLayer(layer,originX,originY,animate,animationOptions)",
"scroll.scrollToClosestLayer(${1},${2})":"scroll.scrollToClosestLayer(${1},${2})",
"scroll.mouseWheelEnabled":"scroll.mouseWheelEnabled",
"scroll.wrap(${1})":"scroll.wrap(${1})",
"scroll.updateContent()":"scroll.updateContent()",
"scroll.copy()":"scroll.copy()",
"scroll.propagateEvents":"scroll.propagateEvents",
"new SliderComponent":"new SliderComponent",
"slider.knob":"slider.knob",
"slider.knobSize":"slider.knobSize",
"slider.fill":"slider.fill",
"slider.min":"slider.min",
"slider.max":"slider.max",
"slider.value":"slider.value",
"slider.pointForValue(${1})":"slider.pointForValue(${1})",
"slider.valueForPoint(${1})":"slider.valueForPoint(${1})",
"slider.animateToValue(${1},${2})":"slider.animateToValue(${1},${2})",
"default":"default",
"states.current":"states.current",
"states.current":"states.current",
"states.previous":"states.previous",
"Utils.modulate(value,[a,a],[b,b],limit)":"Utils.modulate(value,[a,a],[b,b],limit)",
"Utils.cycle(${1})":"Utils.cycle(${1})",
"Utils.labelLayer(${1},${2})":"Utils.labelLayer(${1},${2})",
"Utils.round(value,decimals,increments,min,max)":"Utils.round(value,decimals,increments,min,max)",
"Utils.randomChoice(${1})":"Utils.randomChoice(${1})",
"Utils.randomColor(${1})":"Utils.randomColor(${1})",
"Utils.randomImage(${1})":"Utils.randomImage(${1})",
"Utils.randomNumber(${1},${2})":"Utils.randomNumber(${1},${2})",
"Utils.delay(${1},${2})":"Utils.delay(${1},${2})",
"Utils.frameInset(${1},${2})":"Utils.frameInset(${1},${2})",
"Utils.interval(${1},${2})":"Utils.interval(${1},${2})",
"Utils.debounce(${1},${2})":"Utils.debounce(${1},${2})",
"Utils.insertCSS(${1})":"Utils.insertCSS(${1})",
"Utils.throttle(${1},${2})":"Utils.throttle(${1},${2})",
"Utils.isWebKit()":"Utils.isWebKit()",
"Utils.isChrome()":"Utils.isChrome()",
"Utils.isSafari()":"Utils.isSafari()",
"Utils.isTouch()":"Utils.isTouch()",
"Utils.isDesktop()":"Utils.isDesktop()",
"Utils.isPhone()":"Utils.isPhone()",
"Utils.isTablet()":"Utils.isTablet()",
"Utils.isMobile()":"Utils.isMobile()",
"new VideoLayer":"new VideoLayer",
"video":"video",
"player":"player"
}